province,cluster_id,week_ahead,epi_week,point_estimate_incidence,ci_lower,ci_upper,p_exceed_threshold_this_week,p_exceed_threshold_by_this_week,outbreak_threshold_incidence,meets_quality_gate
01 Distrito Nacional,4,1,39,0.0,0.0,0.007942041566660753,0.0,0.0,0.12016735970973969,True
01 Distrito Nacional,4,2,40,0.0,0.0,0.0,0.0,0.0,0.12016735970973969,True
01 Distrito Nacional,4,3,41,0.0,0.0,0.0,0.0,0.0,0.12016735970973969,True
01 Distrito Nacional,4,4,42,0.0,0.0,0.0,0.0,0.0,0.12016735970973969,True
01 Distrito Nacional,4,5,43,0.0,0.0,0.0,0.0,0.0,0.12016735970973969,True
01 Distrito Nacional,4,6,44,0.0,0.0,0.0,0.0,0.0,0.12016735970973969,True
01 Distrito Nacional,4,7,45,0.0,0.0,0.00463696881628455,0.0,0.0,0.12016735970973969,True
01 Distrito Nacional,4,8,46,0.0,0.0,0.011321655726067751,0.0,0.0,0.12016735970973969,True
02 Azua,3,1,39,0.01596796022693034,0.0,0.06915627126084668,0.0,0.0,0.13258251547813416,True
02 Azua,3,2,40,0.02858925288324622,0.0,0.1005885551884833,0.018,0.018,0.13258251547813416,True
02 Azua,3,3,41,0.04642786328936586,0.0,0.13844642991490388,0.064,0.068,0.13258251547813416,True
02 Azua,3,4,42,0.05960942771974871,0.0,0.17209847836076053,0.122,0.134,0.13258251547813416,True
02 Azua,3,5,43,0.07332130609627219,0.0,0.19244723354000656,0.21,0.232,0.13258251547813416,True
02 Azua,3,6,44,0.0849396269581704,0.0,0.20838207333583456,0.264,0.314,0.13258251547813416,True
02 Azua,3,7,45,0.0900597418988876,0.0,0.22838591164211874,0.312,0.392,0.13258251547813416,True
02 Azua,3,8,46,0.0964149400923546,0.0,0.2324452196484437,0.346,0.434,0.13258251547813416,True
04 Barahona,2,1,39,0.0,0.0,0.05330730144214963,0.0,0.0,0.18529769778251648,True
04 Barahona,2,2,40,0.0,0.0,0.09057667155138162,0.0,0.0,0.18529769778251648,True
04 Barahona,2,3,41,0.0,0.0,0.10833509059016971,0.006,0.006,0.18529769778251648,True
04 Barahona,2,4,42,0.001900100400820155,0.0,0.1438609429995011,0.018,0.018,0.18529769778251648,True
04 Barahona,2,5,43,0.009691385703489515,0.0,0.15901852701661395,0.034,0.04,0.18529769778251648,True
04 Barahona,2,6,44,0.023620054109841835,0.0,0.19625448770680234,0.064,0.076,0.18529769778251648,True
04 Barahona,2,7,45,0.03940675477578079,0.0,0.21964863157502867,0.09,0.112,0.18529769778251648,True
04 Barahona,2,8,46,0.03913975051624779,0.0,0.24521871937887957,0.098,0.142,0.18529769778251648,True
06 Duarte,0,1,39,0.006274395311863801,0.0,0.047045518317792356,0.0,0.0,0.1185249611735344,True
06 Duarte,0,2,40,0.017856849943866174,0.0,0.07910058237308337,0.002,0.002,0.1185249611735344,True
06 Duarte,0,3,41,0.026962760148244468,0.0,0.0952198448714974,0.018,0.018,0.1185249611735344,True
06 Duarte,0,4,42,0.03169821304091306,0.0,0.11647883850507626,0.044,0.048,0.1185249611735344,True
06 Duarte,0,5,43,0.040837056511252676,0.0,0.13642626072175995,0.08,0.088,0.1185249611735344,True
06 Duarte,0,6,44,0.04696499166443119,0.0,0.14363724637259262,0.11,0.128,0.1185249611735344,True
06 Duarte,0,7,45,0.05154301556279861,0.0,0.16345079142725544,0.16,0.188,0.1185249611735344,True
06 Duarte,0,8,46,0.05166614524851777,0.0,0.17512216256266863,0.164,0.214,0.1185249611735344,True
08 El Seibo,2,1,39,0.011777556028060793,0.0,0.06553555923570797,0.008,0.008,0.08375853300094604,True
08 El Seibo,2,2,40,0.0,0.0,0.07363458709841077,0.028,0.03,0.08375853300094604,True
08 El Seibo,2,3,41,0.009210091330627477,0.0,0.0951218231907686,0.074,0.086,0.08375853300094604,True
08 El Seibo,2,4,42,0.025004943324525283,0.0,0.11927477481877545,0.162,0.186,0.08375853300094604,True
08 El Seibo,2,5,43,0.036447867595699915,0.0,0.1381750337477801,0.188,0.25,0.08375853300094604,True
08 El Seibo,2,6,44,0.041330194443304775,0.0,0.1371334106810005,0.24,0.322,0.08375853300094604,True
08 El Seibo,2,7,45,0.04604148035357673,0.0,0.1451227083466755,0.262,0.394,0.08375853300094604,True
08 El Seibo,2,8,46,0.051697843534437016,0.0,0.1410549376512367,0.3,0.464,0.08375853300094604,True
09 Espaillat,2,1,39,0.0019372724120688264,0.0,0.036904657924162816,0.0,0.0,0.07409653067588806,True
09 Espaillat,2,2,40,0.0,0.0,0.03977178411497213,0.002,0.002,0.07409653067588806,True
09 Espaillat,2,3,41,0.002742123180813688,0.0,0.05824988218310047,0.016,0.016,0.07409653067588806,True
09 Espaillat,2,4,42,0.013381316288356902,0.0,0.07543331793567386,0.052,0.058,0.07409653067588806,True
09 Espaillat,2,5,43,0.022872504186013366,0.0,0.08699646707535466,0.11,0.132,0.07409653067588806,True
09 Espaillat,2,6,44,0.030560439322063298,0.0,0.09800362645456925,0.146,0.188,0.07409653067588806,True
09 Espaillat,2,7,45,0.03300198160359495,0.0,0.11035884654079142,0.16,0.246,0.07409653067588806,True
09 Espaillat,2,8,46,0.039614828900790114,0.0,0.11168544680208078,0.198,0.298,0.07409653067588806,True
10 Independencia,1,1,39,0.0,0.0,0.03926878320126393,0.002,0.002,0.10497252643108368,False
10 Independencia,1,2,40,0.0,0.0,0.050915532104668274,0.006,0.006,0.10497252643108368,False
10 Independencia,1,3,41,0.0,0.0,0.06523439073365576,0.018,0.022,0.10497252643108368,False
10 Independencia,1,4,42,0.0,0.0,0.08388629471158358,0.03,0.042,0.10497252643108368,False
10 Independencia,1,5,43,0.0,0.0,0.12723127359028683,0.068,0.092,0.10497252643108368,False
10 Independencia,1,6,44,0.0,0.0,0.16354562171967424,0.112,0.156,0.10497252643108368,False
10 Independencia,1,7,45,0.0,0.0,0.16544396367387854,0.14,0.22,0.10497252643108368,False
10 Independencia,1,8,46,0.0,0.0,0.17301160339142577,0.142,0.266,0.10497252643108368,False
11 La Altagracia,2,1,39,0.0,0.0,0.02613459267452717,0.0,0.0,0.12422451376914978,True
11 La Altagracia,2,2,40,0.0,0.0,0.04081353712293858,0.0,0.0,0.12422451376914978,True
11 La Altagracia,2,3,41,0.0030914634834234454,0.0,0.056488384399565626,0.0,0.0,0.12422451376914978,True
11 La Altagracia,2,4,42,0.00529556081288746,0.0,0.06738473864425626,0.0,0.0,0.12422451376914978,True
11 La Altagracia,2,5,43,0.008080944928910289,0.0,0.06784426537697812,0.002,0.002,0.12422451376914978,True
11 La Altagracia,2,6,44,0.005495092822684891,0.0,0.06877795942847109,0.004,0.004,0.12422451376914978,True
11 La Altagracia,2,7,45,0.008631313025043174,0.0,0.07253157379832806,0.004,0.006,0.12422451376914978,True
11 La Altagracia,2,8,46,0.00624122320187577,0.0,0.07537815705518704,0.006,0.008,0.12422451376914978,True
12 La Romana,2,1,39,0.0,0.0,0.0,0.0,0.0,0.037111442536115646,True
12 La Romana,2,2,40,0.0,0.0,0.0,0.0,0.0,0.037111442536115646,True
12 La Romana,2,3,41,0.0,0.0,0.0,0.0,0.0,0.037111442536115646,True
12 La Romana,2,4,42,0.0,0.0,0.0,0.0,0.0,0.037111442536115646,True
12 La Romana,2,5,43,0.0,0.0,0.0,0.0,0.0,0.037111442536115646,True
12 La Romana,2,6,44,0.0,0.0,0.0,0.0,0.0,0.037111442536115646,True
12 La Romana,2,7,45,0.0,0.0,0.0,0.0,0.0,0.037111442536115646,True
12 La Romana,2,8,46,0.0,0.0,0.0,0.0,0.0,0.037111442536115646,True
13 La Vega,0,1,39,0.0,0.0,0.028180423184685843,0.0,0.0,0.11595571786165237,True
13 La Vega,0,2,40,0.0,0.0,0.027620805203806567,0.0,0.0,0.11595571786165237,True
13 La Vega,0,3,41,0.0,0.0,0.04621081781482104,0.0,0.0,0.11595571786165237,True
13 La Vega,0,4,42,0.0,0.0,0.06104409739441384,0.004,0.004,0.11595571786165237,True
13 La Vega,0,5,43,0.0,0.0,0.07627734965939081,0.008,0.008,0.11595571786165237,True
13 La Vega,0,6,44,0.0,0.0,0.0881503391734359,0.014,0.014,0.11595571786165237,True
13 La Vega,0,7,45,0.001891325808370694,0.0,0.10199585238917219,0.032,0.032,0.11595571786165237,True
13 La Vega,0,8,46,0.0035452357392599734,0.0,0.11583098493699927,0.05,0.054,0.11595571786165237,True
14 María Trinidad Sánchez,2,1,39,0.003374143410828167,0.0,0.04551073254175084,0.0,0.0,0.1101672500371933,True
14 María Trinidad Sánchez,2,2,40,0.0013533851219663363,0.0,0.05968080484270536,0.002,0.002,0.1101672500371933,True
14 María Trinidad Sánchez,2,3,41,0.019887815427094648,0.0,0.08970693118295442,0.02,0.022,0.1101672500371933,True
14 María Trinidad Sánchez,2,4,42,0.0309353898626746,0.0,0.12367801660812745,0.078,0.08,0.1101672500371933,True
14 María Trinidad Sánchez,2,5,43,0.04665699144274353,0.0,0.14142462173705445,0.144,0.154,0.1101672500371933,True
14 María Trinidad Sánchez,2,6,44,0.05817610331263495,0.0,0.17275328597439135,0.222,0.244,0.1101672500371933,True
14 María Trinidad Sánchez,2,7,45,0.07200451806571989,0.0,0.18193637451352968,0.296,0.322,0.1101672500371933,True
14 María Trinidad Sánchez,2,8,46,0.08813480242771415,0.0,0.21171661944373504,0.356,0.426,0.1101672500371933,True
15 Monte Cristi,2,1,39,0.0,0.0,0.039281860170700296,0.0,0.0,0.11896073818206787,False
15 Monte Cristi,2,2,40,0.0,0.0,0.0,0.0,0.0,0.11896073818206787,False
15 Monte Cristi,2,3,41,0.0,0.0,0.0,0.0,0.0,0.11896073818206787,False
15 Monte Cristi,2,4,42,0.0,0.0,0.0,0.0,0.0,0.11896073818206787,False
15 Monte Cristi,2,5,43,0.0,0.0,0.0,0.0,0.0,0.11896073818206787,False
15 Monte Cristi,2,6,44,0.0,0.0,0.027372894530704673,0.002,0.002,0.11896073818206787,False
15 Monte Cristi,2,7,45,0.0,0.0,0.0,0.002,0.004,0.11896073818206787,False
15 Monte Cristi,2,8,46,0.0,0.0,0.0,0.0,0.004,0.11896073818206787,False
17 Peravia,3,1,39,0.0,0.0,0.03858467390743241,0.0,0.0,0.09936270117759705,True
17 Peravia,3,2,40,0.004613254293180323,0.0,0.0668723126749886,0.01,0.01,0.09936270117759705,True
17 Peravia,3,3,41,0.010415858881051163,0.0,0.08831325872575237,0.022,0.03,0.09936270117759705,True
17 Peravia,3,4,42,0.013618340837293321,0.0,0.10726743075234779,0.07,0.08,0.09936270117759705,True
17 Peravia,3,5,43,0.015670571174845434,0.0,0.11944715589289423,0.082,0.106,0.09936270117759705,True
17 Peravia,3,6,44,0.022479167079703575,0.0,0.1320490997322543,0.114,0.146,0.09936270117759705,True
17 Peravia,3,7,45,0.02363629979237466,0.0,0.14594818702550055,0.13,0.176,0.09936270117759705,True
17 Peravia,3,8,46,0.021525496679413437,0.0,0.14849401573099333,0.134,0.188,0.09936270117759705,True
18 Puerto Plata,2,1,39,0.0,0.0,0.018110359559787622,0.0,0.0,0.08272223174571991,True
18 Puerto Plata,2,2,40,0.0,0.0,0.0347699312344139,0.0,0.0,0.08272223174571991,True
18 Puerto Plata,2,3,41,0.005317651165552788,0.0,0.04761823154699644,0.006,0.006,0.08272223174571991,True
18 Puerto Plata,2,4,42,0.01518919743486006,0.0,0.06667465559855397,0.018,0.02,0.08272223174571991,True
18 Puerto Plata,2,5,43,0.02327720054096992,0.0,0.08328477989149898,0.052,0.06,0.08272223174571991,True
18 Puerto Plata,2,6,44,0.030872954452113847,0.0,0.09261502098761537,0.09,0.112,0.08272223174571991,True
18 Puerto Plata,2,7,45,0.03534287860291853,0.0,0.09473350326684296,0.108,0.148,0.08272223174571991,True
18 Puerto Plata,2,8,46,0.038955102684086335,0.0,0.09864460979792128,0.13,0.198,0.08272223174571991,True
19 Hermanas Mirabal,0,1,39,0.0,0.0,0.05321259598610986,0.0,0.0,0.19205008447170258,True
19 Hermanas Mirabal,0,2,40,0.000330378952786794,0.0,0.1183659102450656,0.0,0.0,0.19205008447170258,True
19 Hermanas Mirabal,0,3,41,0.013119137396210984,0.0,0.14883698794526534,0.018,0.018,0.19205008447170258,True
19 Hermanas Mirabal,0,4,42,0.02890761587264367,0.0,0.17461413711732826,0.024,0.034,0.19205008447170258,True
19 Hermanas Mirabal,0,5,43,0.031973691786408846,0.0,0.19048190738591683,0.05,0.064,0.19205008447170258,True
19 Hermanas Mirabal,0,6,44,0.023888292342720784,0.0,0.19159186763372815,0.05,0.09,0.19205008447170258,True
19 Hermanas Mirabal,0,7,45,0.029788330402517285,0.0,0.21763089395633295,0.062,0.122,0.19205008447170258,True
19 Hermanas Mirabal,0,8,46,0.03504014719511806,0.0,0.2450964055689685,0.094,0.156,0.19205008447170258,True
20 Samaná,2,1,39,0.016611363680548965,0.0,0.05804864130515481,0.018,0.018,0.07201267033815384,True
20 Samaná,2,2,40,0.005168840033281169,0.0,0.06610505480117378,0.036,0.044,0.07201267033815384,True
20 Samaná,2,3,41,0.01618321203734204,0.0,0.08256383787578911,0.076,0.092,0.07201267033815384,True
20 Samaná,2,4,42,0.021221388184937948,0.0,0.10227912215537183,0.154,0.174,0.07201267033815384,True
20 Samaná,2,5,43,0.025945151099212097,0.0,0.10576995021462342,0.184,0.24,0.07201267033815384,True
20 Samaná,2,6,44,0.028773786390979432,0.0,0.11147394194232417,0.2,0.304,0.07201267033815384,True
20 Samaná,2,7,45,0.03167320532087892,0.0,0.1235203043898576,0.2,0.342,0.07201267033815384,True
20 Samaná,2,8,46,0.031801259898580944,0.0,0.12773357802063268,0.21,0.386,0.07201267033815384,True
21 San Cristóbal,4,1,39,0.0,0.0,0.0077692031180026195,0.0,0.0,0.08364386111497879,True
21 San Cristóbal,4,2,40,0.0,0.0,0.0,0.0,0.0,0.08364386111497879,True
21 San Cristóbal,4,3,41,0.0,0.0,0.0,0.0,0.0,0.08364386111497879,True
21 San Cristóbal,4,4,42,0.0,0.0,0.0,0.0,0.0,0.08364386111497879,True
21 San Cristóbal,4,5,43,0.0,0.0,0.0,0.0,0.0,0.08364386111497879,True
21 San Cristóbal,4,6,44,0.0,0.0,0.0,0.0,0.0,0.08364386111497879,True
21 San Cristóbal,4,7,45,0.0,0.0,0.0,0.0,0.0,0.08364386111497879,True
21 San Cristóbal,4,8,46,0.0,0.0,0.0,0.0,0.0,0.08364386111497879,True
22 San Juan,0,1,39,0.012015942780962255,0.0,0.05660233618210007,0.002,0.002,0.0966944694519043,True
22 San Juan,0,2,40,0.0,0.0,0.047389245747941504,0.0,0.002,0.0966944694519043,True
22 San Juan,0,3,41,0.0,0.0,0.06903333741776511,0.012,0.012,0.0966944694519043,True
22 San Juan,0,4,42,0.0029343513118759634,0.0,0.08876438354427892,0.042,0.042,0.0966944694519043,True
22 San Juan,0,5,43,0.014042036373642605,0.0,0.11407447080537272,0.088,0.092,0.0966944694519043,True
22 San Juan,0,6,44,0.02015365352408576,0.0,0.1281768097334971,0.128,0.136,0.0966944694519043,True
22 San Juan,0,7,45,0.026466514075789933,0.0,0.14976926822394848,0.162,0.178,0.0966944694519043,True
22 San Juan,0,8,46,0.035361906895951506,0.0,0.14799902353109493,0.198,0.228,0.0966944694519043,True
23 San Pedro de Macorís,2,1,39,0.0,0.0,0.02590653506918665,0.0,0.0,0.07058121263980865,True
23 San Pedro de Macorís,2,2,40,0.0073203428045236114,0.0,0.04635355434065342,0.002,0.002,0.07058121263980865,True
23 San Pedro de Macorís,2,3,41,0.018824035503590443,0.0,0.061990310501335334,0.026,0.026,0.07058121263980865,True
23 San Pedro de Macorís,2,4,42,0.023791505813858305,0.0,0.07250428840834303,0.064,0.076,0.07058121263980865,True
23 San Pedro de Macorís,2,5,43,0.03293021837777989,0.0,0.08260633141066487,0.086,0.124,0.07058121263980865,True
23 San Pedro de Macorís,2,6,44,0.033011528656394055,0.0,0.08530110194927841,0.116,0.186,0.07058121263980865,True
23 San Pedro de Macorís,2,7,45,0.03483694566037185,0.0,0.0921077567051751,0.138,0.244,0.07058121263980865,True
23 San Pedro de Macorís,2,8,46,0.033676150899053306,0.0,0.08558888937607663,0.124,0.28,0.07058121263980865,True
24 Sánchez Ramírez,0,1,39,0.0262972697003232,0.0,0.0994688194241378,0.0,0.0,0.18056398630142212,True
24 Sánchez Ramírez,0,2,40,0.0,0.0,0.03810801550358249,0.0,0.0,0.18056398630142212,True
24 Sánchez Ramírez,0,3,41,0.0,0.0,0.01585423582232772,0.0,0.0,0.18056398630142212,True
24 Sánchez Ramírez,0,4,42,0.0,0.0,0.05415318226367903,0.0,0.0,0.18056398630142212,True
24 Sánchez Ramírez,0,5,43,0.0,0.0,0.06717368983454926,0.0,0.0,0.18056398630142212,True
24 Sánchez Ramírez,0,6,44,0.0,0.0,0.09549020009629053,0.012,0.012,0.18056398630142212,True
24 Sánchez Ramírez,0,7,45,0.0,0.0,0.09988474753003512,0.012,0.018,0.18056398630142212,True
24 Sánchez Ramírez,0,8,46,0.0,0.0,0.12348371288418877,0.008,0.02,0.18056398630142212,True
25 Santiago,4,1,39,0.0,0.0,0.021042610159283007,0.0,0.0,0.12790706753730774,True
25 Santiago,4,2,40,0.0,0.0,0.0,0.0,0.0,0.12790706753730774,True
25 Santiago,4,3,41,0.0,0.0,0.0,0.0,0.0,0.12790706753730774,True
25 Santiago,4,4,42,0.0,0.0,0.0,0.0,0.0,0.12790706753730774,True
25 Santiago,4,5,43,0.0,0.0,0.0,0.0,0.0,0.12790706753730774,True
25 Santiago,4,6,44,0.0,0.0,3.2240297892135907e-06,0.0,0.0,0.12790706753730774,True
25 Santiago,4,7,45,0.0,0.0,0.009128265097154028,0.0,0.0,0.12790706753730774,True
25 Santiago,4,8,46,0.0,0.0,0.017116664724891095,0.0,0.0,0.12790706753730774,True
26 Santiago Rodríguez,1,1,39,0.0,0.0,0.0489087510204008,0.0,0.0,0.13552527129650116,True
26 Santiago Rodríguez,1,2,40,0.0,0.0,0.0,0.0,0.0,0.13552527129650116,True
26 Santiago Rodríguez,1,3,41,0.0,0.0,0.0,0.0,0.0,0.13552527129650116,True
26 Santiago Rodríguez,1,4,42,0.0,0.0,0.0,0.0,0.0,0.13552527129650116,True
26 Santiago Rodríguez,1,5,43,0.0,0.0,0.0,0.0,0.0,0.13552527129650116,True
26 Santiago Rodríguez,1,6,44,0.0,0.0,0.0,0.0,0.0,0.13552527129650116,True
26 Santiago Rodríguez,1,7,45,0.0,0.0,0.0,0.002,0.002,0.13552527129650116,True
26 Santiago Rodríguez,1,8,46,0.0,0.0,0.0,0.002,0.004,0.13552527129650116,True
27 Valverde,1,1,39,0.016239073956426604,0.0,0.07918078466463996,0.0,0.0,0.12310768663883209,True
27 Valverde,1,2,40,0.0,0.0,0.061789993148629825,0.0,0.0,0.12310768663883209,True
27 Valverde,1,3,41,0.0,0.0,0.07843255660092423,0.004,0.004,0.12310768663883209,True
27 Valverde,1,4,42,0.003275641069266212,0.0,0.11091217427726108,0.036,0.036,0.12310768663883209,True
27 Valverde,1,5,43,0.012386094320935206,0.0,0.1287911828797433,0.058,0.066,0.12310768663883209,True
27 Valverde,1,6,44,0.01887423121234896,0.0,0.1383850730174173,0.088,0.102,0.12310768663883209,True
27 Valverde,1,7,45,0.024563664007512573,0.0,0.15716888572112586,0.12,0.146,0.12310768663883209,True
27 Valverde,1,8,46,0.029808947258432927,0.0,0.16123041117016224,0.136,0.18,0.12310768663883209,True
28 Monseñor Nouel,0,1,39,0.0,0.0,0.0012746957539067575,0.0,0.0,0.06961818039417267,True
28 Monseñor Nouel,0,2,40,0.0,0.0,0.0038519556202266836,0.002,0.002,0.06961818039417267,True
28 Monseñor Nouel,0,3,41,0.0,0.0,0.021721106755963414,0.0,0.002,0.06961818039417267,True
28 Monseñor Nouel,0,4,42,0.0,0.0,0.04659816527160515,0.018,0.02,0.06961818039417267,True
28 Monseñor Nouel,0,5,43,0.0,0.0,0.05281893547585945,0.034,0.04,0.06961818039417267,True
28 Monseñor Nouel,0,6,44,0.0,0.0,0.07126923989585428,0.052,0.064,0.06961818039417267,True
28 Monseñor Nouel,0,7,45,0.0,0.0,0.06984236685398344,0.052,0.076,0.06961818039417267,True
28 Monseñor Nouel,0,8,46,0.0,0.0,0.06722185114868467,0.05,0.092,0.06961818039417267,True
29 Monte Plata,0,1,39,0.0,0.0,0.022412477699723075,0.0,0.0,0.08170134574174881,True
29 Monte Plata,0,2,40,0.0,0.0,0.021469440967365982,0.0,0.0,0.08170134574174881,True
29 Monte Plata,0,3,41,0.0,0.0,0.0028229175750478994,0.0,0.0,0.08170134574174881,True
29 Monte Plata,0,4,42,0.0,0.0,0.015664370367456052,0.0,0.0,0.08170134574174881,True
29 Monte Plata,0,5,43,0.0,0.0,0.028369824527259977,0.002,0.002,0.08170134574174881,True
29 Monte Plata,0,6,44,0.0,0.0,0.035392027527385315,0.0,0.002,0.08170134574174881,True
29 Monte Plata,0,7,45,0.0,0.0,0.04191900693900697,0.01,0.01,0.08170134574174881,True
29 Monte Plata,0,8,46,0.0,0.0,0.04655628378840678,0.008,0.012,0.08170134574174881,True
30 Hato Mayor,2,1,39,0.014531068721577226,0.0,0.09225175167012897,0.002,0.002,0.15892784297466278,True
30 Hato Mayor,2,2,40,0.036512257683515854,0.0,0.15297471242749885,0.036,0.036,0.15892784297466278,True
30 Hato Mayor,2,3,41,0.060159107138741924,0.0,0.2026591223917244,0.134,0.144,0.15892784297466278,True
30 Hato Mayor,2,4,42,0.0747616247437057,0.0,0.24339873346601257,0.172,0.214,0.15892784297466278,True
30 Hato Mayor,2,5,43,0.08464317811560956,0.0,0.2420327526311136,0.208,0.294,0.15892784297466278,True
30 Hato Mayor,2,6,44,0.0777447114813524,0.0,0.25370787754490565,0.214,0.354,0.15892784297466278,True
30 Hato Mayor,2,7,45,0.08174527323958636,0.0,0.2606980151517782,0.208,0.392,0.15892784297466278,True
30 Hato Mayor,2,8,46,0.08537209071787315,0.0,0.2581670215444561,0.24,0.444,0.15892784297466278,True
31 San José de Ocoa,3,1,39,0.0,0.0,0.05375955524770102,0.0,0.0,0.23960885405540466,True
31 San José de Ocoa,3,2,40,0.0,0.0,0.02277823651794731,0.0,0.0,0.23960885405540466,True
31 San José de Ocoa,3,3,41,0.0,0.0,0.026460996519004475,0.002,0.002,0.23960885405540466,True
31 San José de Ocoa,3,4,42,0.0,0.0,0.09570743936533296,0.002,0.002,0.23960885405540466,True
31 San José de Ocoa,3,5,43,0.0,0.0,0.15002959605128302,0.014,0.014,0.23960885405540466,True
31 San José de Ocoa,3,6,44,0.0,0.0,0.1360189649709692,0.006,0.016,0.23960885405540466,True
31 San José de Ocoa,3,7,45,0.0,0.0,0.1636554046457681,0.02,0.028,0.23960885405540466,True
31 San José de Ocoa,3,8,46,0.0,0.0,0.17394152684419473,0.026,0.04,0.23960885405540466,True
32 Santo Domingo,4,1,39,0.0,0.0,0.0,0.0,0.0,0.12009774148464203,True
32 Santo Domingo,4,2,40,0.0,0.0,0.0,0.0,0.0,0.12009774148464203,True
32 Santo Domingo,4,3,41,0.0,0.0,0.0,0.0,0.0,0.12009774148464203,True
32 Santo Domingo,4,4,42,0.0,0.0,0.0,0.0,0.0,0.12009774148464203,True
32 Santo Domingo,4,5,43,0.0,0.0,0.0,0.0,0.0,0.12009774148464203,True
32 Santo Domingo,4,6,44,0.0,0.0,0.0,0.0,0.0,0.12009774148464203,True
32 Santo Domingo,4,7,45,0.0,0.0,0.0,0.0,0.0,0.12009774148464203,True
32 Santo Domingo,4,8,46,0.0,0.0,0.0,0.0,0.0,0.12009774148464203,True
