split,year,week,y_true,y_hat,n_provinces,time_value
fit_2015_2019,2015,5,0.023389033008632914,0.016046360435471536,28,2015.076923076923
fit_2015_2019,2015,6,0.01633233473902302,0.022935077872326865,28,2015.0961538461538
fit_2015_2019,2015,7,0.01794971921481192,0.015208509855645909,28,2015.1153846153845
fit_2015_2019,2015,8,0.016687662240916064,0.01860112902691721,28,2015.1346153846155
fit_2015_2019,2015,9,0.024724199918897023,0.017599041942698283,28,2015.1538461538462
fit_2015_2019,2015,10,0.02020466435767178,0.023631546105856875,28,2015.173076923077
fit_2015_2019,2015,11,0.021055174492565647,0.021040029366434152,28,2015.1923076923076
fit_2015_2019,2015,12,0.02198432760113584,0.021926488378085196,28,2015.2115384615386
fit_2015_2019,2015,13,0.024584699970936135,0.021962489498296885,28,2015.2307692307693
fit_2015_2019,2015,14,0.019396106845566204,0.025572490959478143,28,2015.25
fit_2015_2019,2015,15,0.021784715919888446,0.02071374018851202,28,2015.2692307692307
fit_2015_2019,2015,16,0.025479146545486792,0.022721965514522578,28,2015.2884615384614
fit_2015_2019,2015,17,0.02096511431903179,0.026923742178561434,28,2015.3076923076924
fit_2015_2019,2015,18,0.026079458450632437,0.02276136055713453,28,2015.326923076923
fit_2015_2019,2015,19,0.02293155972646283,0.02758112000135173,28,2015.3461538461538
fit_2015_2019,2015,20,0.02328042233628886,0.027121892589743117,28,2015.3653846153845
fit_2015_2019,2015,21,0.018803477769584527,0.026209638121404817,28,2015.3846153846155
fit_2015_2019,2015,22,0.03146038345792996,0.023106551688605186,28,2015.4038461538462
fit_2015_2019,2015,23,0.03351110680627504,0.033731769903429916,28,2015.423076923077
fit_2015_2019,2015,24,0.03698332002386451,0.03603278479671904,28,2015.4423076923076
fit_2015_2019,2015,25,0.030880014545151165,0.04029713505380122,28,2015.4615384615386
fit_2015_2019,2015,26,0.03834634809754789,0.03554884433313938,28,2015.4807692307693
fit_2015_2019,2015,27,0.04307922885553645,0.043353756120528227,28,2015.5
fit_2015_2019,2015,28,0.054174404591321945,0.04866471205605194,28,2015.5192307692307
fit_2015_2019,2015,29,0.05900371385671731,0.05759635976989687,28,2015.5384615384614
fit_2015_2019,2015,30,0.05049585637503436,0.06386131141334772,28,2015.5576923076924
fit_2015_2019,2015,31,0.06928759126458317,0.056200878511715145,28,2015.576923076923
fit_2015_2019,2015,32,0.06698033636036728,0.0731899051793984,28,2015.5961538461538
fit_2015_2019,2015,33,0.07622238511352666,0.07342591125052422,28,2015.6153846153845
fit_2015_2019,2015,34,0.08724646039107549,0.08286696733973388,28,2015.6346153846155
fit_2015_2019,2015,35,0.0845012724166736,0.09371002234651574,28,2015.6538461538462
fit_2015_2019,2015,36,0.11225570545398764,0.08970699747026499,28,2015.673076923077
fit_2015_2019,2015,37,0.11388897669634648,0.11567790309033756,28,2015.6923076923076
fit_2015_2019,2015,38,0.13621595443692058,0.11832224781392142,28,2015.7115384615386
fit_2015_2019,2015,39,0.15214288840070367,0.135650968644768,28,2015.7307692307693
fit_2015_2019,2015,40,0.18166956465159143,0.14971337520650455,28,2015.75
fit_2015_2019,2015,41,0.18301561434886285,0.174958991402361,28,2015.7692307692307
fit_2015_2019,2015,42,0.2104693040517824,0.17578007819663202,28,2015.7884615384614
fit_2015_2019,2015,43,0.20807709451764822,0.1974923824891448,28,2015.8076923076924
fit_2015_2019,2015,44,0.16916843307470636,0.1860959366230028,28,2015.826923076923
fit_2015_2019,2015,45,0.18291108558020955,0.15936819849801914,28,2015.8461538461538
fit_2015_2019,2015,46,0.1566569713343467,0.16282667266204953,28,2015.8653846153845
fit_2015_2019,2015,47,0.11868061191801514,0.12954958202317357,28,2015.8846153846155
fit_2015_2019,2015,48,0.08723501209169626,0.10147434060594865,28,2015.9038461538462
fit_2015_2019,2015,49,0.07938828189591211,0.07775005299065794,28,2015.923076923077
fit_2015_2019,2015,50,0.07102914487144776,0.06867526325264148,28,2015.9423076923076
fit_2015_2019,2015,51,0.05822772397992334,0.06785199049305188,28,2015.9615384615386
fit_2015_2019,2015,52,0.07951373859707798,0.06135014541048024,28,2015.9807692307693
fit_2015_2019,2016,1,0.08820163169210511,0.07737831245841724,28,2016.0
fit_2015_2019,2016,2,0.07847212983428367,0.08290314464829862,28,2016.0192307692307
fit_2015_2019,2016,3,0.06969003795113947,0.07378842502034136,28,2016.0384615384614
fit_2015_2019,2016,4,0.07136600314905601,0.06632519330430243,28,2016.0576923076924
fit_2015_2019,2016,5,0.07329812156967819,0.06515965469381106,28,2016.076923076923
fit_2015_2019,2016,6,0.05195080458984843,0.06717129251254457,28,2016.0961538461538
fit_2015_2019,2016,7,0.06080628040113619,0.05228180919740615,28,2016.1153846153845
fit_2015_2019,2016,8,0.03932220182780709,0.05745277585395213,28,2016.1346153846155
fit_2015_2019,2016,9,0.03572272429508822,0.04202599450114316,28,2016.1538461538462
fit_2015_2019,2016,10,0.03315007749811879,0.03906375377222763,28,2016.173076923077
fit_2015_2019,2016,11,0.03222352439271552,0.03566568128631583,28,2016.1923076923076
fit_2015_2019,2016,12,0.03064538275689951,0.033527840207430666,28,2016.2115384615386
fit_2015_2019,2016,13,0.03837408755706357,0.03211222496299472,28,2016.2307692307693
fit_2015_2019,2016,14,0.034429780124420564,0.037387740206960576,28,2016.25
fit_2015_2019,2016,15,0.0391553388243275,0.03437677691233278,28,2016.2692307692307
fit_2015_2019,2016,16,0.034568053387504606,0.03889312065439299,28,2016.2884615384614
fit_2015_2019,2016,17,0.018669451137871614,0.0363336436119945,28,2016.3076923076924
fit_2015_2019,2016,18,0.02047168423554727,0.022265834424225823,28,2016.326923076923
fit_2015_2019,2016,19,0.026467710683521415,0.02240145592700823,28,2016.3461538461538
fit_2015_2019,2016,20,0.02721700255226876,0.02843198082544924,28,2016.3653846153845
fit_2015_2019,2016,21,0.030260330115977143,0.02960116584602344,28,2016.3846153846155
fit_2015_2019,2016,22,0.03298662373396967,0.030357362701449477,28,2016.4038461538462
fit_2015_2019,2016,23,0.038407133476409526,0.032245765068832304,28,2016.423076923077
fit_2015_2019,2016,24,0.030470909251432334,0.03543973884994297,28,2016.4423076923076
fit_2015_2019,2016,25,0.036356923320064585,0.03132574675172301,28,2016.4615384615386
fit_2015_2019,2016,26,0.02516216448774295,0.03629251687587904,28,2016.4807692307693
fit_2015_2019,2016,27,0.02383834958475615,0.02711013927806302,28,2016.5
fit_2015_2019,2016,28,0.017756029115324572,0.026548238920180926,28,2016.5192307692307
fit_2015_2019,2016,29,0.0171263295924291,0.020212982774994868,28,2016.5384615384614
fit_2015_2019,2016,30,0.010903888099294688,0.018318940312643202,28,2016.5576923076924
fit_2015_2019,2016,31,0.01828375498631171,0.012298752742935903,28,2016.576923076923
fit_2015_2019,2016,32,0.008875816761116897,0.018314742119920475,28,2016.5961538461538
fit_2015_2019,2016,33,0.014100107830017805,0.010074884865129466,28,2016.6153846153845
fit_2015_2019,2016,34,0.011765957793353923,0.014280847584554326,28,2016.6346153846155
fit_2015_2019,2016,35,0.011559017418351556,0.01124337429947835,28,2016.6538461538462
fit_2015_2019,2016,36,0.009576842288619705,0.011859994562525702,28,2016.673076923077
fit_2015_2019,2016,37,0.012281232995779387,0.009989118972693436,28,2016.6923076923076
fit_2015_2019,2016,38,0.007144263795843082,0.012279948086610861,28,2016.7115384615386
fit_2015_2019,2016,39,0.013544311630539596,0.006937064276176638,28,2016.7307692307693
fit_2015_2019,2016,40,0.013131776259147696,0.012217213509952021,28,2016.75
fit_2015_2019,2016,41,0.012682075296262545,0.012711268463525422,28,2016.7692307692307
fit_2015_2019,2016,42,0.008684768690727651,0.011789696664241742,28,2016.7884615384614
fit_2015_2019,2016,43,0.01258465414866805,0.009386661784706771,28,2016.8076923076924
fit_2015_2019,2016,44,0.0074001843209511465,0.011529112392086713,28,2016.826923076923
fit_2015_2019,2016,45,0.00863014577355768,0.007279609430302766,28,2016.8461538461538
fit_2015_2019,2016,46,0.0059415056519875565,0.0078115664702116715,28,2016.8653846153845
fit_2015_2019,2016,47,0.01162979008430349,0.00567570342172985,28,2016.8846153846155
fit_2015_2019,2016,48,0.014492495634060885,0.009662767024045544,28,2016.9038461538462
fit_2015_2019,2016,49,0.011781892298521208,0.013686877029873099,28,2016.923076923077
fit_2015_2019,2016,50,0.005907376646064222,0.009652757169013577,28,2016.9423076923076
fit_2015_2019,2016,51,0.004957523779012263,0.005029913776005352,28,2016.9615384615386
fit_2015_2019,2016,52,0.009866735440612371,0.00479086966073997,28,2016.9807692307693
fit_2015_2019,2017,1,0.00541322396436174,0.0106804052172395,28,2017.0
fit_2015_2019,2017,2,0.004396619541304452,0.00472990277839764,28,2017.0192307692307
fit_2015_2019,2017,3,0.003893915131422026,0.0032192986109293997,28,2017.0384615384614
fit_2015_2019,2017,4,0.0005040229464481984,0.002933571455482057,28,2017.0576923076924
fit_2015_2019,2017,5,0.003674930352385023,0.0009519915020064218,28,2017.076923076923
fit_2015_2019,2017,6,0.008346772719440716,0.0028424721652819634,28,2017.0961538461538
fit_2015_2019,2017,7,0.002248479028431965,0.006658312624495011,28,2017.1153846153845
fit_2015_2019,2017,8,0.002457577136478254,0.0009420142684705622,28,2017.1346153846155
fit_2015_2019,2017,9,0.005517528409005276,0.0025036769942354503,28,2017.1538461538462
fit_2015_2019,2017,10,0.0034663474569762392,0.005954419279208066,28,2017.173076923077
fit_2015_2019,2017,11,0.003260795193325196,0.004421540707231283,28,2017.1923076923076
fit_2015_2019,2017,12,0.005420084776622909,0.003070176624792761,28,2017.2115384615386
fit_2015_2019,2017,13,0.0071253589537393835,0.005078581279706539,28,2017.2307692307693
fit_2015_2019,2017,14,0.006642640011185514,0.0044955504594586925,28,2017.25
fit_2015_2019,2017,15,0.0023483977669716944,0.006663173462064671,28,2017.2692307692307
fit_2015_2019,2017,16,0.0036096741179270403,0.0035921558082918637,28,2017.2884615384614
fit_2015_2019,2017,17,0.0038629593161333886,0.005354150038848664,28,2017.3076923076924
fit_2015_2019,2017,18,0.0047559318232483095,0.003717284881661596,28,2017.326923076923
fit_2015_2019,2017,19,0.006155573746322521,0.003920948736630895,28,2017.3461538461538
fit_2015_2019,2017,20,0.014928764272813819,0.0066730966911044175,28,2017.3653846153845
fit_2015_2019,2017,21,0.011470672117346632,0.01472854888184624,28,2017.3846153846155
fit_2015_2019,2017,22,0.014311003448840762,0.013154562736807358,28,2017.4038461538462
fit_2015_2019,2017,23,0.0056894872271056685,0.015216957572452625,28,2017.423076923077
fit_2015_2019,2017,24,0.004677572279303733,0.00790345774709879,28,2017.4423076923076
fit_2015_2019,2017,25,0.006825791405779975,0.007058506954178613,28,2017.4615384615386
fit_2015_2019,2017,26,0.013165057345759124,0.00943821673614106,28,2017.4807692307693
fit_2015_2019,2017,27,0.0068204382550902665,0.015502763902077277,28,2017.5
fit_2015_2019,2017,28,0.006699617070678089,0.009559724287620546,28,2017.5192307692307
fit_2015_2019,2017,29,0.005608402333954083,0.0085022605053382,28,2017.5384615384614
fit_2015_2019,2017,30,0.006801496841944754,0.0076982282190718775,28,2017.5576923076924
fit_2015_2019,2017,31,0.00943258112861908,0.007757849692747446,28,2017.576923076923
fit_2015_2019,2017,32,0.0068144074840737244,0.009769118804472652,28,2017.5961538461538
fit_2015_2019,2017,33,0.00482834196217092,0.0077963133584749555,28,2017.6153846153845
fit_2015_2019,2017,34,0.009009904269727744,0.005519847211222181,28,2017.6346153846155
fit_2015_2019,2017,35,0.002684901127525206,0.009452926543807345,28,2017.6538461538462
fit_2015_2019,2017,36,0.010082960344984062,0.004030679570860229,28,2017.673076923077
fit_2015_2019,2017,37,0.007821874410313154,0.011131458472976061,28,2017.6923076923076
fit_2015_2019,2017,38,0.009005561121739447,0.007503001807240902,28,2017.7115384615386
fit_2015_2019,2017,39,0.012935188532407795,0.010092369280235809,28,2017.7307692307693
fit_2015_2019,2017,40,0.013638843873715294,0.013038507694415915,28,2017.75
fit_2015_2019,2017,41,0.00789275036991707,0.014154600957876287,28,2017.7692307692307
fit_2015_2019,2017,42,0.005366410087195358,0.007901695166505565,28,2017.7884615384614
fit_2015_2019,2017,43,0.006509541459048965,0.005840146080507631,28,2017.8076923076924
fit_2015_2019,2017,44,0.004350029597324985,0.007295749147098312,28,2017.826923076923
fit_2015_2019,2017,45,0.004363116774974125,0.004697634032839103,28,2017.8461538461538
fit_2015_2019,2017,46,0.008391087076493673,0.004589785143252811,28,2017.8653846153845
fit_2015_2019,2017,47,0.005800686194561422,0.006956195217623774,28,2017.8846153846155
fit_2015_2019,2017,48,0.008372059973355914,0.003875781546412327,28,2017.9038461538462
fit_2015_2019,2017,49,0.007334100015993629,0.006776883253873426,28,2017.923076923077
fit_2015_2019,2017,50,0.000656089953346444,0.007680889329744137,28,2017.9423076923076
fit_2015_2019,2017,51,0.003705899723822118,0.0010146521625366794,28,2017.9615384615386
fit_2015_2019,2017,52,0.0011374482336188002,0.003988059642974154,28,2017.9807692307693
fit_2015_2019,2018,1,0.005779723740748263,0.0026883988986290725,28,2018.0
fit_2015_2019,2018,2,0.0027753942496409373,0.006004048935470304,28,2018.0192307692307
fit_2015_2019,2018,3,0.006118130121779229,9.251537734858825e-05,28,2018.0384615384614
fit_2015_2019,2018,4,0.003096422168060339,0.0035665411058809176,28,2018.0576923076924
fit_2015_2019,2018,5,0.0044153108652348495,0.0002618313035002627,28,2018.076923076923
fit_2015_2019,2018,6,0.004427120869097832,0.0014906476088266832,28,2018.0961538461538
fit_2015_2019,2018,7,0.0056077655338283095,0.0020855430588458796,28,2018.1153846153845
fit_2015_2019,2018,8,0.005082176765426993,0.003186726137105974,28,2018.1346153846155
fit_2015_2019,2018,9,0.009528962828751122,0.0035062622932855447,28,2018.1538461538462
fit_2015_2019,2018,10,0.015204588350440775,0.007731351458850051,28,2018.173076923077
fit_2015_2019,2018,11,0.003772465778248651,0.012665262833901838,28,2018.1923076923076
fit_2015_2019,2018,12,0.006061837426386774,0.002938619875099643,28,2018.2115384615386
fit_2015_2019,2018,13,0.004769893421325833,0.004946103540532931,28,2018.2307692307693
fit_2015_2019,2018,14,0.0056536889044634464,0.003386026167260882,28,2018.25
fit_2015_2019,2018,15,0.007867212569440849,0.0045865959273214685,28,2018.2692307692307
fit_2015_2019,2018,16,0.0038306025463888155,0.0067272761009787374,28,2018.2884615384614
fit_2015_2019,2018,17,0.0042471155258161685,0.003727447159950056,28,2018.3076923076924
fit_2015_2019,2018,18,0.006756553937780804,0.005009495022282603,28,2018.326923076923
fit_2015_2019,2018,19,0.003062371239398739,0.0064172896688562886,28,2018.3461538461538
fit_2015_2019,2018,20,0.0042572029300832325,0.0035466207534357507,28,2018.3653846153845
fit_2015_2019,2018,21,0.003984976455935144,0.005072917510135865,28,2018.3846153846155
fit_2015_2019,2018,22,0.0023613741089190754,0.004986669644105339,28,2018.4038461538462
fit_2015_2019,2018,23,0.005236099199724517,0.003341874877670697,28,2018.423076923077
fit_2015_2019,2018,24,0.004034476837010256,0.005697956858317151,28,2018.4423076923076
fit_2015_2019,2018,25,0.0038123172333663596,0.005017768136375318,28,2018.4615384615386
fit_2015_2019,2018,26,0.0021397109625728,0.004344939652193196,28,2018.4807692307693
fit_2015_2019,2018,27,0.007002269840865795,0.004604301014166724,28,2018.5
fit_2015_2019,2018,28,0.005598321931237089,0.008855647101881914,28,2018.5192307692307
fit_2015_2019,2018,29,0.0030255976058210115,0.007460027014271223,28,2018.5384615384614
fit_2015_2019,2018,30,0.003571587271705669,0.004448806292202789,28,2018.5576923076924
fit_2015_2019,2018,31,0.008077249363330858,0.004289215096962705,28,2018.576923076923
fit_2015_2019,2018,32,0.005381297153819885,0.00895605685114528,28,2018.5961538461538
fit_2015_2019,2018,33,0.007586273871960917,0.006098736883619235,28,2018.6153846153845
fit_2015_2019,2018,34,0.004554038372589275,0.008212365194464968,28,2018.6346153846155
fit_2015_2019,2018,35,0.005188038223423064,0.0068515311145997005,28,2018.6538461538462
fit_2015_2019,2018,36,0.003665204529949863,0.006895376382869601,28,2018.673076923077
fit_2015_2019,2018,37,0.006160005145440144,0.006960765011172043,28,2018.6923076923076
fit_2015_2019,2018,38,0.006052825807793332,0.008950822266504994,28,2018.7115384615386
fit_2015_2019,2018,39,0.004232032515574247,0.00959238435305971,28,2018.7307692307693
fit_2015_2019,2018,40,0.010101878583165151,0.008760313524232646,28,2018.75
fit_2015_2019,2018,41,0.007461762405000627,0.0122637158721253,28,2018.7692307692307
fit_2015_2019,2018,42,0.010493598312937788,0.010525690387502047,28,2018.7884615384614
fit_2015_2019,2018,43,0.008226660022046417,0.012700062044521994,28,2018.8076923076924
fit_2015_2019,2018,44,0.00857506416338895,0.011236010761682078,28,2018.826923076923
fit_2015_2019,2018,45,0.01059663763070213,0.011245465128013166,28,2018.8461538461538
fit_2015_2019,2018,46,0.018399860734851763,0.013270555705405838,28,2018.8653846153845
fit_2015_2019,2018,47,0.02284073774353601,0.01905199877884505,28,2018.8846153846155
fit_2015_2019,2018,48,0.019485359811889275,0.02365014595021161,28,2018.9038461538462
fit_2015_2019,2018,49,0.012143341558320182,0.02105423732538319,28,2018.923076923077
fit_2015_2019,2018,50,0.010156765197669821,0.01427723080269061,28,2018.9423076923076
fit_2015_2019,2018,51,0.011713564437481441,0.01210220802853915,28,2018.9615384615386
fit_2015_2019,2018,52,0.008410201358076717,0.013831328488387433,28,2018.9807692307693
fit_2015_2019,2019,1,0.01555475579308612,0.011452435881177994,28,2019.0
fit_2015_2019,2019,2,0.018281126295083334,0.017179148480993587,28,2019.0192307692307
fit_2015_2019,2019,3,0.014705030214307564,0.017979977818738137,28,2019.0384615384614
fit_2015_2019,2019,4,0.02069018307208483,0.014431964917353721,28,2019.0576923076924
fit_2015_2019,2019,5,0.021202118435342397,0.01943252618574271,28,2019.076923076923
fit_2015_2019,2019,6,0.016323424310290387,0.018756172346391913,28,2019.0961538461538
fit_2015_2019,2019,7,0.021348225717831935,0.01640437959576957,28,2019.1153846153845
fit_2015_2019,2019,8,0.02598209401393043,0.0214616506792871,28,2019.1346153846155
fit_2015_2019,2019,9,0.020758702170236835,0.02616353714880201,28,2019.1538461538462
fit_2015_2019,2019,10,0.026713259551408037,0.02342274252857481,28,2019.173076923077
fit_2015_2019,2019,11,0.033334033364163976,0.027627416869758496,28,2019.1923076923076
fit_2015_2019,2019,12,0.038870144535654357,0.03289869359494852,28,2019.2115384615386
fit_2015_2019,2019,13,0.0377124150815819,0.037643588530564945,28,2019.2307692307693
fit_2015_2019,2019,14,0.036160246518972726,0.03697239126112046,28,2019.25
fit_2015_2019,2019,15,0.0382535776921681,0.03400535643283677,28,2019.2692307692307
fit_2015_2019,2019,16,0.029457250210855688,0.03699572972150885,28,2019.2884615384614
fit_2015_2019,2019,17,0.023952502025557414,0.031756110077757124,28,2019.3076923076924
fit_2015_2019,2019,18,0.043609844512372674,0.026373826566019228,28,2019.326923076923
fit_2015_2019,2019,19,0.043650616658851504,0.04055710060388914,28,2019.3461538461538
fit_2015_2019,2019,20,0.04965395666658878,0.043320801009290984,28,2019.3653846153845
fit_2015_2019,2019,21,0.040956111890929084,0.051145802634502094,28,2019.3846153846155
fit_2015_2019,2019,22,0.0478290484752506,0.04230104941338401,28,2019.4038461538462
fit_2015_2019,2019,23,0.050148356007412076,0.04850102998066826,28,2019.423076923077
fit_2015_2019,2019,24,0.06127368362753519,0.05073225501525615,28,2019.4423076923076
fit_2015_2019,2019,25,0.08994661943454828,0.06453166478812429,28,2019.4615384615386
fit_2015_2019,2019,26,0.07770658743434719,0.08697743705124594,28,2019.4807692307693
fit_2015_2019,2019,27,0.12132675466792923,0.0818904581496359,28,2019.5
fit_2015_2019,2019,28,0.15355652647225984,0.11983468573141311,28,2019.5192307692307
fit_2015_2019,2019,29,0.1563721356381263,0.14809903662119592,28,2019.5384615384614
fit_2015_2019,2019,30,0.17504241354098277,0.15719200032097952,28,2019.5576923076924
fit_2015_2019,2019,31,0.17138858951096023,0.17479473132906215,28,2019.576923076923
fit_2015_2019,2019,32,0.15232638798521034,0.16970926070851938,28,2019.5961538461538
fit_2015_2019,2019,33,0.15225921903869935,0.1582337461544999,28,2019.6153846153845
fit_2015_2019,2019,34,0.17259872172560012,0.15603704684014832,28,2019.6346153846155
fit_2015_2019,2019,35,0.15486009724970376,0.1689420406307493,28,2019.6538461538462
fit_2015_2019,2019,36,0.14889447723648377,0.1506478682692562,28,2019.673076923077
fit_2015_2019,2019,37,0.15249210875481367,0.1479606147456382,28,2019.6923076923076
fit_2015_2019,2019,38,0.1422764005006424,0.15130096308088728,28,2019.7115384615386
fit_2015_2019,2019,39,0.11955664280269827,0.13600741207067454,28,2019.7307692307693
fit_2015_2019,2019,40,0.12285837517785174,0.11847039478431855,28,2019.75
fit_2015_2019,2019,41,0.10643702988246721,0.11728583382708686,28,2019.7692307692307
fit_2015_2019,2019,42,0.10486219943101917,0.10130278051032551,28,2019.7884615384614
fit_2015_2019,2019,43,0.11321909632533789,0.10275458421009327,28,2019.8076923076924
fit_2015_2019,2019,44,0.08700412345517959,0.10852182889357209,28,2019.826923076923
fit_2015_2019,2019,45,0.10446222618754421,0.08679920049118144,28,2019.8461538461538
fit_2015_2019,2019,46,0.1074920121048178,0.09828455400254045,28,2019.8653846153845
fit_2015_2019,2019,47,0.11827382272375482,0.09582738056113678,28,2019.8846153846155
fit_2015_2019,2019,48,0.10561631393751927,0.10631659824451033,28,2019.9038461538462
fit_2015_2019,2019,49,0.08828225658674325,0.0949327124814902,28,2019.923076923077
fit_2015_2019,2019,50,0.09195188689045608,0.08052141087994512,28,2019.9423076923076
fit_2015_2019,2019,51,0.0648254290821829,0.07869162255207941,28,2019.9615384615386
fit_2015_2019,2019,52,0.05627890794338392,0.059573606454900334,28,2019.9807692307693
test_2022_2023,2022,5,0.020411354589409063,0.010899259334629667,28,2022.076923076923
test_2022_2023,2022,6,0.013273143442347646,0.015297515492420644,28,2022.0961538461538
test_2022_2023,2022,7,0.016103080739932402,0.007546574842178545,28,2022.1153846153845
test_2022_2023,2022,8,0.010934210349140423,0.011345882800274662,28,2022.1346153846155
test_2022_2023,2022,9,0.015557873528450727,0.008253042896935117,28,2022.1538461538462
test_2022_2023,2022,10,0.01940538825666798,0.011956727001493814,28,2022.173076923077
test_2022_2023,2022,11,0.01754136842542461,0.013487411251324894,28,2022.1923076923076
test_2022_2023,2022,12,0.017338702771147445,0.012578934891020513,28,2022.2115384615386
test_2022_2023,2022,13,0.020941821509040892,0.011976616276829841,28,2022.2307692307693
test_2022_2023,2022,14,0.02335001084221793,0.015490546889070953,28,2022.25
test_2022_2023,2022,15,0.02800127858894744,0.016578665758840674,28,2022.2692307692307
test_2022_2023,2022,16,0.022712270795766796,0.02141861567880759,28,2022.2884615384614
test_2022_2023,2022,17,0.020641419171754802,0.01841027884282604,28,2022.3076923076924
test_2022_2023,2022,18,0.027119889256677458,0.016827955438722193,28,2022.326923076923
test_2022_2023,2022,19,0.03693870463342007,0.019318656645607137,28,2022.3461538461538
test_2022_2023,2022,20,0.0371357745856845,0.030688583044268723,28,2022.3653846153845
test_2022_2023,2022,21,0.03348336465257619,0.03138161150855012,28,2022.3846153846155
test_2022_2023,2022,22,0.048692842346749136,0.029299322349418486,28,2022.4038461538462
test_2022_2023,2022,23,0.04166880943479815,0.04206237764135169,28,2022.423076923077
test_2022_2023,2022,24,0.0390531217147197,0.03667077536270621,28,2022.4423076923076
test_2022_2023,2022,25,0.04401413469375776,0.03291742136103234,28,2022.4615384615386
test_2022_2023,2022,26,0.04517212603241205,0.03884467000274786,28,2022.4807692307693
test_2022_2023,2022,27,0.057127721541162045,0.04044931837623673,28,2022.5
test_2022_2023,2022,28,0.06532865569793753,0.052673744262262644,28,2022.5192307692307
test_2022_2023,2022,29,0.07037523919383862,0.06373615835972098,28,2022.5384615384614
test_2022_2023,2022,30,0.059500310952509086,0.06681972545006179,28,2022.5576923076924
test_2022_2023,2022,31,0.07296148345007428,0.05603487358062661,28,2022.576923076923
test_2022_2023,2022,32,0.04940417921170592,0.06797989694002483,28,2022.5961538461538
test_2022_2023,2022,33,0.07687796579141702,0.046610737165402885,28,2022.6153846153845
test_2022_2023,2022,34,0.06733548388417278,0.06861943399001445,28,2022.6346153846155
test_2022_2023,2022,35,0.08706968064819064,0.05867652784633849,28,2022.6538461538462
test_2022_2023,2022,36,0.09971785758222852,0.07529413876389819,28,2022.673076923077
test_2022_2023,2022,37,0.11224486312962004,0.08698292006946369,28,2022.6923076923076
test_2022_2023,2022,38,0.12979565768702223,0.09821394432635445,28,2022.7115384615386
test_2022_2023,2022,39,0.1486847093994064,0.11405399516973246,28,2022.7307692307693
test_2022_2023,2022,40,0.11458308449281114,0.12479572228455384,28,2022.75
test_2022_2023,2022,41,0.12073337559455208,0.09826370541538511,28,2022.7692307692307
test_2022_2023,2022,42,0.12756837279136693,0.10139260168320366,28,2022.7884615384614
test_2022_2023,2022,43,0.1022096827094044,0.09788911219623385,28,2022.8076923076924
test_2022_2023,2022,44,0.08946102338710002,0.0817779007899974,28,2022.826923076923
test_2022_2023,2022,45,0.08936782450681287,0.0692684746879552,28,2022.8461538461538
test_2022_2023,2022,46,0.11533784640154668,0.06934145600618129,28,2022.8653846153845
test_2022_2023,2022,47,0.07535077245639903,0.08721787491231225,28,2022.8846153846155
test_2022_2023,2022,48,0.0664782286289015,0.05551157965757219,28,2022.9038461538462
test_2022_2023,2022,49,0.07703083514102868,0.05458551757536562,28,2022.923076923077
test_2022_2023,2022,50,0.04469422054743128,0.0549385979705091,28,2022.9423076923076
test_2022_2023,2022,51,0.03525248306271221,0.0314652102263478,28,2022.9615384615386
test_2022_2023,2022,52,0.029795267768869444,0.02644391239118704,28,2022.9807692307693
test_2022_2023,2023,1,0.051359770786283274,0.0196278699690343,28,2023.0
test_2022_2023,2023,2,0.04511140030808747,0.03748041103660528,28,2023.0192307692307
test_2022_2023,2023,3,0.03208184601472957,0.032636602020439956,28,2023.0384615384614
test_2022_2023,2023,4,0.023876322333567908,0.020661599761556966,28,2023.0576923076924
test_2022_2023,2023,5,0.021602990737717067,0.015330104005995184,28,2023.076923076923
test_2022_2023,2023,6,0.024252390572136,0.012625799441333843,28,2023.0961538461538
test_2022_2023,2023,7,0.02071520795912615,0.016482115178535293,28,2023.1153846153845
test_2022_2023,2023,8,0.01550700920883433,0.013176942797144875,28,2023.1346153846155
test_2022_2023,2023,9,0.020556479775612906,0.009826701506036832,28,2023.1538461538462
test_2022_2023,2023,10,0.022859336326031814,0.014821275091630273,28,2023.173076923077
test_2022_2023,2023,11,0.01565998072536396,0.017817395093775952,28,2023.1923076923076
test_2022_2023,2023,12,0.01952993023275797,0.012539041817944963,28,2023.2115384615386
test_2022_2023,2023,13,0.014075957388351006,0.016017508518936147,28,2023.2307692307693
test_2022_2023,2023,14,0.014963928980120857,0.012951684960821044,28,2023.25
test_2022_2023,2023,15,0.015969737466158613,0.015143479592682394,28,2023.2692307692307
test_2022_2023,2023,16,0.019592018249178573,0.01486007043994115,28,2023.2884615384614
test_2022_2023,2023,17,0.01762743792746083,0.01833481608316236,28,2023.3076923076924
test_2022_2023,2023,18,0.017199249638776695,0.017349275220372613,28,2023.326923076923
test_2022_2023,2023,19,0.016108876410206512,0.016975201342055306,28,2023.3461538461538
test_2022_2023,2023,20,0.01923554370711957,0.019427246642797918,28,2023.3653846153845
test_2022_2023,2023,21,0.02059696671286864,0.022014717988245787,28,2023.3846153846155
test_2022_2023,2023,22,0.01991064888092556,0.02157239339222932,28,2023.4038461538462
test_2022_2023,2023,23,0.026707163995264897,0.022876543125935962,28,2023.423076923077
test_2022_2023,2023,24,0.03879858729695635,0.030166097833508893,28,2023.4423076923076
test_2022_2023,2023,25,0.03604964253359607,0.04069143082181524,28,2023.4615384615386
test_2022_2023,2023,26,0.0489484301236059,0.04198045305175973,28,2023.4807692307693
test_2022_2023,2023,27,0.05913264414162508,0.051371994228767495,28,2023.5
test_2022_2023,2023,28,0.06130688082027648,0.06270332226995379,28,2023.5192307692307
test_2022_2023,2023,29,0.07452561097618725,0.06637882477869946,28,2023.5384615384614
test_2022_2023,2023,30,0.07234535552561283,0.07720173093756395,28,2023.5576923076924
test_2022_2023,2023,31,0.1007214373842414,0.07352303316084934,28,2023.576923076923
test_2022_2023,2023,32,0.12064131535589695,0.09991545117061053,28,2023.5961538461538
test_2022_2023,2023,33,0.1341713652946055,0.11730463914240577,28,2023.6153846153845
test_2022_2023,2023,34,0.16369879970859205,0.13029177061149053,28,2023.6346153846155
test_2022_2023,2023,35,0.3177127915301493,0.1566607331457947,28,2023.6538461538462
test_2022_2023,2023,36,0.44477379135787487,0.27395232394337654,28,2023.673076923077
test_2022_2023,2023,37,0.31200474101517883,0.36747094376810957,28,2023.6923076923076
test_2022_2023,2023,38,0.007084866931628702,0.24754182142870768,28,2023.7115384615386
