run,province,cluster_id,r2,mae,mse,included_in_headline
1,06 Duarte,0,0.649276614189148,0.019446739926934242,0.0009997974848374724,True
1,13 La Vega,0,0.6414567232131958,0.02061902917921543,0.0013766977936029434,True
1,09 Espaillat,2,0.6198636293411255,0.025025470182299614,0.0018850949127227068,True
1,01 Distrito Nacional,4,0.6030631065368652,0.016085028648376465,0.0016220069956034422,True
1,28 Monseñor Nouel,0,0.590314507484436,0.03682200610637665,0.003925059922039509,True
1,30 Hato Mayor,2,0.5847235321998596,0.04968859255313873,0.006874411832541227,True
1,25 Santiago,4,0.5719828605651855,0.02087538130581379,0.0014923748094588518,True
1,32 Santo Domingo,4,0.5649128556251526,0.016527265310287476,0.002669162815436721,True
1,12 La Romana,2,0.5590607523918152,0.028206059709191322,0.005962952505797148,True
1,24 Sánchez Ramírez,0,0.5509315729141235,0.05966274067759514,0.012787053361535072,True
1,22 San Juan,0,0.5366619825363159,0.03106900118291378,0.0025945641100406647,True
1,04 Barahona,2,0.48458993434906006,0.041206952184438705,0.005614603869616985,True
1,23 San Pedro de Macorís,2,0.47820979356765747,0.01648915372788906,0.0010568189900368452,True
1,21 San Cristóbal,4,0.4393088221549988,0.017654551193118095,0.0013989032013341784,True
1,29 Monte Plata,0,0.4378036856651306,0.02787742018699646,0.0020678979344666004,True
1,11 La Altagracia,2,0.41864103078842163,0.017746418714523315,0.0010586018906906247,True
1,10 Independencia,1,0.3970140814781189,0.06999938935041428,0.013169563375413418,False
1,27 Valverde,1,0.3757481575012207,0.025497958064079285,0.002614016877487302,True
1,18 Puerto Plata,2,0.369465708732605,0.023899951949715614,0.0021187022794038057,True
1,19 Hermanas Mirabal,0,0.33924514055252075,0.04825511574745178,0.007561839651316404,True
1,31 San José de Ocoa,3,0.32053565979003906,0.11287008225917816,0.028194610029459,True
1,26 Santiago Rodríguez,1,0.3152783513069153,0.07081000506877899,0.013936221599578857,True
1,14 María Trinidad Sánchez,2,0.22376179695129395,0.03747796639800072,0.003620108589529991,True
1,17 Peravia,3,0.19029337167739868,0.022380797192454338,0.0010587446158751845,True
1,20 Samaná,2,0.12044697999954224,0.03678741678595543,0.0034523208159953356,True
1,08 El Seibo,2,0.12040334939956665,0.021359743550419807,0.0016569378785789013,True
1,15 Monte Cristi,2,0.051802635192871094,0.07172898203134537,0.014813601970672607,False
1,02 Azua,3,-0.2743571996688843,0.025743985548615456,0.001318116206675768,True
2,24 Sánchez Ramírez,0,0.7046512365341187,0.053618330508470535,0.008409945294260979,True
2,09 Espaillat,2,0.6688233613967896,0.023982077836990356,0.00164230412337929,True
2,12 La Romana,2,0.6528124809265137,0.027172958478331566,0.004695120733231306,True
2,06 Duarte,0,0.6455790996551514,0.019282842054963112,0.001010337844491005,True
2,30 Hato Mayor,2,0.638533353805542,0.04587779939174652,0.005983653478324413,True
2,13 La Vega,0,0.6266529560089111,0.020704349502921104,0.0014335399027913809,True
2,28 Monseñor Nouel,0,0.6220725774765015,0.03592723608016968,0.0036207963712513447,True
2,01 Distrito Nacional,4,0.5843746662139893,0.016222171485424042,0.001698373700492084,True
2,32 Santo Domingo,4,0.5763171315193176,0.0162464901804924,0.0025992002338171005,True
2,25 Santiago,4,0.5737342238426208,0.020626049488782883,0.0014862681273370981,True
2,22 San Juan,0,0.5347374677658081,0.03097192384302616,0.0026053409092128277,True
2,23 San Pedro de Macorís,2,0.5242897868156433,0.016096079722046852,0.000963489874266088,True
2,04 Barahona,2,0.481481671333313,0.040759164839982986,0.005648463498800993,True
2,29 Monte Plata,0,0.4650219678878784,0.027710245922207832,0.0019677821546792984,True
2,27 Valverde,1,0.4598540663719177,0.024612590670585632,0.0022618286311626434,True
2,21 San Cristóbal,4,0.457618772983551,0.017336152493953705,0.0013532205484807491,True
2,10 Independencia,1,0.44416874647140503,0.06993941217660904,0.012139678001403809,False
2,11 La Altagracia,2,0.44018644094467163,0.017680782824754715,0.001019369694404304,True
2,18 Puerto Plata,2,0.4167395830154419,0.02342473715543747,0.001959853805601597,True
2,31 San José de Ocoa,3,0.34246814250946045,0.11238743364810944,0.027284514158964157,True
2,19 Hermanas Mirabal,0,0.33604317903518677,0.04794112965464592,0.007598483469337225,True
2,26 Santiago Rodríguez,1,0.2302013635635376,0.07197117805480957,0.015667803585529327,True
2,15 Monte Cristi,2,0.20494210720062256,0.06940185278654099,0.012421117164194584,False
2,17 Peravia,3,0.1778794527053833,0.022557126358151436,0.0010749766370281577,True
2,14 María Trinidad Sánchez,2,0.1726536750793457,0.037383437156677246,0.0038584591820836067,True
2,08 El Seibo,2,0.16206341981887817,0.021041281521320343,0.0015784609131515026,True
2,20 Samaná,2,0.12937402725219727,0.03643394634127617,0.00341728120110929,True
2,02 Azua,3,-0.24549174308776855,0.025567134842276573,0.0012882596347481012,True
3,24 Sánchez Ramírez,0,0.7100942134857178,0.052966080605983734,0.008254957385361195,True
3,09 Espaillat,2,0.6869102716445923,0.02368384413421154,0.0015526111237704754,True
3,12 La Romana,2,0.6839421987533569,0.026716243475675583,0.0042741429060697556,True
3,28 Monseñor Nouel,0,0.6624683737754822,0.03460878133773804,0.0032337778247892857,True
3,06 Duarte,0,0.6418079137802124,0.019579822197556496,0.001021088333800435,True
3,13 La Vega,0,0.6349934339523315,0.020194808021187782,0.001401514862664044,True
3,30 Hato Mayor,2,0.610093355178833,0.0493454784154892,0.00645444355905056,True
3,32 Santo Domingo,4,0.6042331457138062,0.015818828716874123,0.002427941421046853,True
3,01 Distrito Nacional,4,0.6003769636154175,0.01600709930062294,0.0016329835634678602,True
3,25 Santiago,4,0.5793424844741821,0.021073920652270317,0.0014667138457298279,True
3,22 San Juan,0,0.5599201917648315,0.030578605830669403,0.0024643249344080687,True
3,23 San Pedro de Macorís,2,0.5429571866989136,0.015884218737483025,0.0009256814373657107,True
3,04 Barahona,2,0.5115925073623657,0.03996840864419937,0.005320451688021421,True
3,21 San Cristóbal,4,0.47914403676986694,0.017186032608151436,0.0012995157158002257,True
3,29 Monte Plata,0,0.46929728984832764,0.02771702967584133,0.0019520566565915942,True
3,11 La Altagracia,2,0.44067054986953735,0.017651082947850227,0.0010184880811721087,True
3,10 Independencia,1,0.4395846128463745,0.06768166273832321,0.012239798903465271,False
3,18 Puerto Plata,2,0.43170613050460815,0.023360654711723328,0.001909563667140901,True
3,19 Hermanas Mirabal,0,0.42809557914733887,0.046751249581575394,0.006545013282448053,True
3,27 Valverde,1,0.4276166558265686,0.025112606585025787,0.0023968208115547895,True
3,31 San José de Ocoa,3,0.34279608726501465,0.11586643010377884,0.027270905673503876,True
3,14 María Trinidad Sánchez,2,0.25615131855010986,0.03682132810354233,0.0034690548200160265,True
3,26 Santiago Rodríguez,1,0.1979619860649109,0.0733981654047966,0.01632397621870041,True
3,08 El Seibo,2,0.18732935190200806,0.020643604919314384,0.0015308662550523877,True
3,17 Peravia,3,0.17428988218307495,0.022474540397524834,0.001079670269973576,True
3,20 Samaná,2,0.1422085165977478,0.03636380285024643,0.0033669047988951206,True
3,15 Monte Cristi,2,0.12638592720031738,0.07100813090801239,0.01364839356392622,False
3,02 Azua,3,-0.2552037239074707,0.025613700971007347,0.0012983051128685474,True
4,24 Sánchez Ramírez,0,0.7074445486068726,0.05354519933462143,0.008330406621098518,True
4,12 La Romana,2,0.6951241493225098,0.026643913239240646,0.004122926853597164,True
4,09 Espaillat,2,0.6892154812812805,0.02374214679002762,0.0015411794884130359,True
4,28 Monseñor Nouel,0,0.6600561738014221,0.034904688596725464,0.0032568881288170815,True
4,06 Duarte,0,0.6441774368286133,0.019526591524481773,0.0010143335675820708,True
4,13 La Vega,0,0.6233440637588501,0.020926475524902344,0.0014462450053542852,True
4,30 Hato Mayor,2,0.6136700510978699,0.04945480078458786,0.006395236123353243,True
4,01 Distrito Nacional,4,0.5913572311401367,0.016102880239486694,0.001669841120019555,True
4,32 Santo Domingo,4,0.5878719687461853,0.016120754182338715,0.0025283137802034616,True
4,25 Santiago,4,0.5673280954360962,0.021030884236097336,0.0015086045023053885,True
4,23 San Pedro de Macorís,2,0.5498049259185791,0.01586625538766384,0.0009118122979998589,True
4,22 San Juan,0,0.549639105796814,0.030793095007538795,0.0025218958035111427,True
4,04 Barahona,2,0.490326464176178,0.04033997654914856,0.005552113056182861,True
4,21 San Cristóbal,4,0.4813441038131714,0.017215704545378685,0.0012940267333760858,True
4,29 Monte Plata,0,0.47532302141189575,0.02763434685766697,0.0019298925762996078,True
4,19 Hermanas Mirabal,0,0.4571235179901123,0.04584592580795288,0.006212810520082712,True
4,11 La Altagracia,2,0.4485805034637451,0.0176386721432209,0.0010040848283097148,True
4,27 Valverde,1,0.44222962856292725,0.02480647712945938,0.002335629891604185,True
4,18 Puerto Plata,2,0.42908215522766113,0.023557297885417938,0.0019183807307854295,True
4,10 Independencia,1,0.42489051818847656,0.0688626691699028,0.012560725212097168,False
4,31 San José de Ocoa,3,0.35458874702453613,0.1119028702378273,0.026781564578413963,True
4,14 María Trinidad Sánchez,2,0.26567918062210083,0.03671702370047569,0.0034246202558279037,True
4,08 El Seibo,2,0.19294893741607666,0.0205234345048666,0.0015202803770080209,True
4,26 Santiago Rodríguez,1,0.1891736388206482,0.07396833598613739,0.016502846032381058,True
4,17 Peravia,3,0.1522628664970398,0.022774284705519676,0.0011084720026701689,True
4,20 Samaná,2,0.13135206699371338,0.03654932603240013,0.003409517463296652,True
4,15 Monte Cristi,2,0.05900120735168457,0.07200418412685394,0.01470113918185234,False
4,02 Azua,3,-0.2580207586288452,0.025635814294219017,0.001301218755543232,True
5,24 Sánchez Ramírez,0,0.7030344605445862,0.053632188588380814,0.008455981500446796,True
5,09 Espaillat,2,0.682607889175415,0.023725204169750214,0.0015739465598016977,True
5,12 La Romana,2,0.6793013215065002,0.02661619894206524,0.004336903803050518,True
5,28 Monseñor Nouel,0,0.6489545106887817,0.03502162545919418,0.003363250056281686,True
5,06 Duarte,0,0.6401420831680298,0.019383423030376434,0.0010258370311930776,True
5,30 Hato Mayor,2,0.6311994791030884,0.04739999398589134,0.006105056963860989,True
5,13 La Vega,0,0.6215518712997437,0.02043740265071392,0.0014531261986121535,True
5,32 Santo Domingo,4,0.5918461084365845,0.015942635014653206,0.0025039331521838903,True
5,01 Distrito Nacional,4,0.5863128900527954,0.01610303483903408,0.0016904536169022322,True
5,25 Santiago,4,0.5790666341781616,0.02097906358540058,0.0014676754362881184,True
5,23 San Pedro de Macorís,2,0.5398297309875488,0.015901437029242516,0.0009320156532339752,True
5,22 San Juan,0,0.5278430581092834,0.031139658764004707,0.002643947722390294,True
5,21 San Cristóbal,4,0.4773836135864258,0.017141178250312805,0.0013039079494774342,True
5,04 Barahona,2,0.47730201482772827,0.04022519290447235,0.0056939939968287945,True
5,29 Monte Plata,0,0.4630553722381592,0.02780754119157791,0.001975015737116337,True
5,27 Valverde,1,0.45119595527648926,0.024812668561935425,0.0022980838548392057,True
5,10 Independencia,1,0.4487432837486267,0.06912356615066528,0.012039768509566784,False
5,11 La Altagracia,2,0.4415104389190674,0.017612578347325325,0.0010169587330892682,True
5,18 Puerto Plata,2,0.42314988374710083,0.02337535098195076,0.0019383142935112119,True
5,19 Hermanas Mirabal,0,0.4089435338973999,0.047052450478076935,0.0067641944624483585,True
5,31 San José de Ocoa,3,0.36436212062835693,0.11121045798063278,0.026376014575362206,True
5,14 María Trinidad Sánchez,2,0.21151506900787354,0.03654459863901138,0.00367722287774086,True
5,15 Monte Cristi,2,0.19837915897369385,0.06966891884803772,0.0125236501917243,False
5,26 Santiago Rodríguez,1,0.17953282594680786,0.07396464794874191,0.016699068248271942,True
5,08 El Seibo,2,0.17683953046798706,0.020765395835042,0.0015506264753639698,True
5,17 Peravia,3,0.1647031307220459,0.02259868197143078,0.001092205522581935,True
5,20 Samaná,2,0.1214134693145752,0.03655776381492615,0.003448527306318283,True
5,02 Azua,3,-0.23444223403930664,0.02549160271883011,0.0012768306769430637,True
